"id","rating","comments","customer_id","agent_id",
"1","2","Doloremque nihil deserunt enim eos tempore a atque. Dolores porro debitis vel nulla illo aut magnam. Odit minus ea fugiat odit illum est. Quo est eius rerum est deleniti.","383","69",
"2","3","","387","35",
"3","5","","371","83",
"4","1","","408","52",
"5","3","Culpa culpa voluptatum id enim pariatur aspernatur. Omnis ducimus ut rerum magni. Quibusdam aperiam accusamus non nihil voluptas consequatur in. Ipsam ad provident aut et fugit voluptate.","78","62",
"6","4","","149","81",
"7","5","","483","27",
"8","3","","54","38",
"9","1","Dolorem perspiciatis optio et pariatur eum recusandae. Quo eaque sint sapiente soluta dolor.","500","23",
"10","5","","115","65",
"11","4","","489","51",
"12","5","","53","12",
"13","2","","163","25",
"14","1","Culpa ut unde ut nulla eum. Similique consequuntur quaerat adipisci hic odit. Id dicta sit dolores tempore. Culpa exercitationem dolor sequi unde sunt ratione.","61","64",
"15","2","Corrupti nesciunt architecto ea ut dolorum. Magni cum asperiores ut dolor eum sint assumenda ut. Vel error qui veniam id eius. Et itaque accusantium aut voluptatibus quia praesentium et veniam.","307","72",
"16","2","","149","38",
"17","2","Perferendis est officiis quo consectetur unde quia fugit. Dolorem explicabo molestiae quidem est qui est. Beatae vitae eaque quis velit commodi. Pariatur enim officiis numquam magni voluptatum et.","206","57",
"18","2","Dolores corporis officia ut. Numquam ipsam et ut dolorum. Placeat placeat eveniet in.","278","21",
"19","3","","128","63",
"20","5","Eos occaecati beatae sequi debitis. Inventore temporibus consequatur corporis eius.","129","38",
"21","3","Dolorem corrupti earum repellat quia. Dolorem a nemo unde est totam veniam quis. Reprehenderit enim ut voluptatibus ratione.","458","3",
"22","2","Voluptas consectetur quo odio reprehenderit. Rem praesentium odio sed velit omnis. Facere eum exercitationem odio soluta aliquam.","67","7",
"23","2","Similique sit error architecto nemo. Et nostrum a accusamus.
Corporis dolores harum adipisci nostrum ut architecto. Quis voluptatibus libero sequi. Aut qui fugit aspernatur qui voluptatem qui quo.","309","64",
"24","1","","177","75",
"25","5","","34","40",
"26","1","Amet aspernatur quo voluptatem aut. Quos eius hic expedita qui eos. Sed id consequatur nemo mollitia.","281","10",
"27","1","","429","44",
"28","1","","119","28",
"29","3","Ipsam earum aut enim sequi molestiae quasi. Ea consequatur dolor laborum officia molestias omnis consequatur et. Qui blanditiis non non ipsam.","324","17",
"30","4","Magnam rerum sequi repudiandae doloremque. Fuga repellendus sed ut error facere. Non voluptatem dolorem voluptas vero.","492","46",
"31","4","Earum harum ut laborum vero quaerat non omnis cum. Laboriosam dolorem placeat et eos labore autem. Adipisci eveniet voluptatibus laboriosam velit error voluptatum.","357","66",
"32","1","","273","47",
"33","3","","145","48",
"34","3","Nostrum debitis aut et. Voluptatibus aut velit beatae in. Cum voluptatibus porro assumenda quo numquam consequatur praesentium. Ut consectetur in dolor magni optio aut et sapiente.","67","77",
"35","1","Illo qui et est sunt quasi provident consectetur hic. Quia dicta quod enim veniam id sint debitis.","168","80",
"36","4","","433","58",
"37","5","Autem eum distinctio in. Dicta dolor possimus accusantium. Quia nesciunt ea et voluptas. Ut quis laborum velit qui repellat ad. Et omnis quasi ducimus sed inventore molestias.","389","78",
"38","2","Nihil aut id aut nisi optio qui ab sint. Fugit et esse totam error. Optio doloribus eos consequatur architecto maiores. Omnis sit autem voluptatem qui ut id laudantium.","227","53",
"39","2","Quo laudantium possimus explicabo enim enim dolor ullam. Provident doloribus dolor voluptatem aut assumenda fuga cupiditate magnam. Expedita placeat ratione est delectus molestias porro vel.","467","35",
"40","2","Amet tempore et praesentium incidunt voluptas illum quaerat. Optio animi molestiae rerum qui. Iste placeat omnis saepe reiciendis cum est eveniet.","54","56",
"41","5","Ut temporibus minus sequi dicta aut. Exercitationem facilis placeat ipsam magni aut non. Et doloribus sunt consequatur accusantium aut. Perspiciatis nam quia et.","106","75",
"42","2","Suscipit nam harum error consectetur eveniet. Id odio nisi itaque ut quia autem. Praesentium necessitatibus sapiente ipsam magni omnis qui.","468","75",
"43","5","","287","80",
"44","5","Et rerum omnis impedit sint. Velit ut totam commodi laudantium. Sunt earum magnam eos odio dolores consectetur rerum. Quia aliquam ea voluptas ipsa.","500","1",
"45","4","Rerum voluptatibus sunt ducimus sapiente vel distinctio. Quaerat libero accusamus autem asperiores sunt ducimus tempore. Harum sit id rerum enim impedit.","480","6",
"46","1","","378","4",
"47","5","","111","10",
"48","5","","435","69",
"49","1","","364","41",
"50","4","","167","50",
"51","1","","11","82",
"52","3","","44","80",
"53","4","","21","28",
"54","2","Eius molestias ipsam in in ut quod. Quas quod quaerat corporis optio fuga enim minima.","287","1",
"55","2","Eligendi aut ducimus minima veniam itaque voluptatem voluptatibus. Sed vel doloremque aut asperiores animi. Commodi error atque ex distinctio ratione aperiam laudantium.","197","36",
"56","5","Autem velit ut cupiditate quibusdam. Consectetur deserunt harum molestias aut qui enim porro. Ut tempora quam commodi in et.","143","68",
"57","3","Delectus dolorum omnis eaque fugit sed soluta repellendus. Similique quo velit nesciunt saepe dolores necessitatibus aut. Quibusdam distinctio mollitia ut fugit repellendus magnam accusantium.","351","71",
"58","1","Ex qui quia hic qui. Culpa suscipit debitis at recusandae. Eveniet distinctio ut sit ut.","354","32",
"59","5","","242","57",
"60","4","Et dignissimos itaque ut veritatis illo. Officiis voluptatum et reiciendis aliquid magnam. Eum officia illum qui et id aut id a.","483","48",
"61","4","","331","62",
"62","3","Omnis quis velit est quibusdam eos placeat. Deserunt facere illum nihil. Et id consequatur officia voluptas. Dolorem aut labore et consequuntur. Rerum et rerum voluptatem quasi aliquam.","173","25",
"63","5","Officiis dignissimos aut minus commodi et animi laudantium. Nam inventore harum architecto doloremque corporis eius ratione. Non consequatur magni nulla minus.","274","4",
"64","2","","404","38",
"65","4","","330","27",
"66","2","Delectus nisi reprehenderit tenetur. Consequatur quam dolorem qui quo molestiae. Laborum non numquam magnam quod voluptatibus voluptas. Et laborum ducimus molestiae.","327","19",
"67","2","Dolorem eaque sint qui perspiciatis ratione ut. Perspiciatis qui officia accusamus cupiditate tempore dolor. Ducimus ea sint qui natus est. Numquam nisi et voluptas cum accusamus.","139","41",
"68","2","","43","83",
"69","5","Nihil et beatae asperiores quia. Omnis aut minus est non. Sint porro est iste dignissimos sint est alias.
Ipsum repellendus dignissimos quas est deleniti. Et fuga recusandae iste voluptatem.","120","58",
"70","4","","251","34",
"71","3","","246","71",
"72","5","Et ex vel itaque minima. Sit illum recusandae repellendus quis sequi. Expedita rem harum impedit quod. Facilis exercitationem iste recusandae ipsa.","184","33",
"73","3","Ducimus magni ut nemo maxime et blanditiis. Laborum delectus blanditiis cumque ut. Cum ut dolorem illum aut aperiam ea.","481","8",
"74","5","Quos ut vel commodi. Magnam similique consequatur reprehenderit. Voluptate at id quasi sed. Qui quo rem consequuntur optio officiis quisquam.","314","58",
"75","4","Dolor voluptatibus officia cupiditate quo dolore. Deserunt aut repellat quaerat. Sit nihil deleniti voluptas architecto.","383","12",
"76","1","","337","59",
"77","2","Repellat odit eligendi accusamus ea impedit. Necessitatibus architecto ipsum sequi natus numquam consequuntur. Nisi odio odit voluptatibus voluptas ut. Corrupti dolorum numquam vitae.","272","67",
"78","5","Qui ea dolor quidem aliquid. Totam facilis pariatur autem qui dolorum beatae. Illum est libero sed et quas veritatis cum adipisci. Sed laborum illo iure dolorum qui est voluptatem.","473","28",
"79","3","Id amet quia dolor. Expedita est illo non dolores cupiditate voluptatem et doloribus. Quod possimus maxime voluptatem et repellat delectus.","235","7",
"80","1","","186","37",
"81","3","Velit assumenda nihil unde. Aut consequatur minima repellat doloribus qui aliquid velit ea. Molestiae et eligendi voluptas molestiae labore sit.","165","47",
"82","4","Sed magnam voluptatibus ipsa qui rerum. Ut in facilis non quaerat id ipsa voluptatem. Perferendis id eius optio alias. Fugit quod et libero.","220","38",
"83","4","","291","35",
"84","5","","154","20",
"85","1","Quia commodi ratione quos eius ut fuga. Aut dolorem doloribus fugiat pariatur. Nam ipsam ipsum nam sint distinctio inventore.","245","74",
"86","4","","399","36",
"87","4","Unde ut ut ab eum qui eveniet ab. Corporis pariatur quod nam sed et autem est tenetur. Vitae excepturi enim ullam aliquid libero omnis sit. Aut esse et error perferendis dolores.","78","61",
"88","4","","393","58",
"89","4","Quis velit a omnis autem autem. Nulla et rerum rerum quaerat. Aliquam pariatur optio nostrum illum sapiente.","8","67",
"90","5","","126","5",
"91","1","","168","59",
"92","5","","172","80",
"93","4","Sapiente quis autem et blanditiis deserunt eligendi voluptatibus. Et et quis quaerat ut sit. Est molestias accusamus natus atque rem placeat consequatur. Omnis excepturi atque odit.","360","57",
"94","3","Nulla rerum odio numquam. Fugiat odit et voluptates labore. Asperiores tempora natus voluptate blanditiis tenetur rem quia voluptatem. Eligendi suscipit dolores quibusdam doloribus aliquid.","480","78",
"95","2","","32","30",
"96","3","Et deleniti ut vitae ipsam tempora voluptatum sit. Exercitationem nesciunt est amet sit recusandae. Et et labore autem quis quam dolore odit facilis. Est tempora ducimus a alias.","476","43",
"97","5","","418","14",
"98","3","","192","4",
"99","4","Dolore tempore adipisci velit incidunt iusto dolor cupiditate. Porro quam velit sed qui expedita itaque. Aspernatur est quos eos nihil occaecati. Commodi maxime natus odit eligendi sed recusandae.","426","7",
"100","4","Ut provident ex vero et incidunt. Autem iste sit architecto qui sequi. Neque impedit voluptates vel eaque.","285","84",
"101","1","","228","2",
"102","3","Quia nisi illum consequatur. Autem qui dolorem dolor. Ea unde et doloremque nam magnam sint porro.","91","85",
"103","1","Magnam cum et libero ipsa aliquam at exercitationem. In excepturi molestiae non voluptatem. Distinctio dolorum earum nobis et vel temporibus ut. Corporis vero facilis recusandae.","43","75",
"104","4","","72","41",
"105","4","Molestias exercitationem magni itaque qui accusantium qui blanditiis. Amet non est odit nulla enim. Est accusantium aut adipisci aut molestiae.","245","59",
"106","4","In similique qui molestiae. Aut et quam veritatis. Sed quia rem qui. Mollitia dolores sunt aspernatur enim facere eligendi sequi.","43","27",
"107","1","","268","84",
"108","2","","209","58",
"109","4","Minima itaque commodi et voluptatem est. Rem omnis accusamus voluptatem ut soluta deleniti et. Consequatur aut culpa corrupti magnam.","48","67",
"110","5","Nulla esse cumque id voluptas ullam. Adipisci qui ad necessitatibus dolor ipsum porro quaerat officia. Facilis exercitationem qui magnam et.","58","63",
"111","4","","131","68",
"112","1","Qui omnis aspernatur nulla fuga tenetur dolores est. Ex quia iure iste voluptate aperiam error aperiam animi. Veritatis aspernatur error et.","93","47",
"113","1","Quidem debitis facilis id adipisci sed sunt. Dignissimos consequatur recusandae cum dolore. Sunt soluta sed assumenda qui. Vitae fuga distinctio quia repellendus.","412","39",
"114","3","Aut iusto dolores aut. Dolor animi voluptas voluptatum nihil. Repellat earum id praesentium dolore aperiam est sit.","249","56",
"115","5","","222","59",
"116","4","","442","37",
"117","2","","206","37",
"118","5","Voluptas ab qui labore totam. Voluptatum minus et sed a ad qui voluptatem dolores. Quo ad non voluptatem id.","132","76",
"119","5","","254","29",
"120","1","Quia molestiae error consequuntur temporibus non suscipit molestiae. Numquam rem explicabo optio alias. Et repellendus fuga nam laboriosam tenetur animi.","388","76",
"121","4","Commodi dolore nam velit id consectetur. Corrupti dolorem et voluptatem doloribus voluptates commodi quasi. Tempore officia aut et sunt.","238","74",
"122","4","Aliquam sequi ex repellat et. Et delectus et facere illum minus recusandae repellendus. Vel commodi neque non vel ipsum velit. Occaecati illo totam nulla.","181","52",
"123","5","","399","15",
"124","2","","460","26",
"125","5","","303","52",
"126","1","","6","23",
"127","2","","199","13",
"128","3","","102","46",
"129","3","Ab saepe explicabo modi est quis quam. Molestias libero doloremque tempora recusandae autem officia error. Molestiae consequatur nemo nihil eos. Aut veritatis quas quia sequi amet pariatur.","260","10",
"130","5","Magnam accusamus molestiae ea adipisci. Quisquam voluptatem laboriosam in quibusdam. Tempora suscipit molestias facere qui. Culpa odit magni sed ipsum non id. Natus enim veniam deserunt molestiae.","439","78",
"131","5","","377","77",
"132","2","","461","19",
"133","3","","342","76",
"134","2","","20","69",
"135","2","","32","4",
"136","1","","107","45",
"137","3","Aut ut odio pariatur iste ea. Dignissimos illum eveniet minima esse. Quas eum rem eos nihil voluptas consequatur qui. Adipisci non nihil perferendis molestiae quo.","24","73",
"138","3","","85","46",
"139","2","","188","78",
"140","2","Est voluptatum sequi cumque soluta cum recusandae. Enim omnis et dolor modi voluptatem inventore exercitationem ut. Omnis tenetur architecto maiores.","255","2",
"141","3","","246","48",
"142","1","Eius consequatur et eum sunt ut. Omnis laborum velit rerum voluptate perferendis et consequatur. Totam omnis nihil ipsam praesentium quae dolorem.","22","8",
"143","5","","180","34",
"144","1","Non ullam qui aut aliquam. Sit sed omnis in nihil et et aperiam eos. Odio et voluptas voluptatibus iusto quis.","87","75",
"145","2","Eveniet natus hic odio id placeat non. Impedit corporis error beatae natus et. Saepe in eligendi quis nostrum consequatur.","432","56",
"146","1","","69","77",
"147","2","Omnis ut a nostrum natus distinctio praesentium quidem. Accusantium ducimus laboriosam porro. Nobis enim molestiae quibusdam esse laborum similique. Aut nemo voluptas libero architecto.","445","36",
"148","5","","489","12",
"149","1","","84","34",
"150","2","","446","9",
"151","4","","25","7",
"152","5","Accusamus dignissimos eveniet repellat atque. Molestiae pariatur expedita omnis ad dolor. Velit eligendi facilis quas adipisci possimus quis.","263","65",
"153","2","Aut ratione sit et doloremque repudiandae in. Quia similique esse tempora neque id sit dolor. Id error sit eaque debitis praesentium blanditiis maxime. Commodi et et perspiciatis aliquid quos.","314","42",
"154","5","Et qui est distinctio voluptas earum rem recusandae provident. In fugiat reiciendis ea ut earum ut at. Et fugiat est et ut enim.","176","58",
"155","5","Iusto sit ad tempore qui. Inventore esse dolore culpa eligendi aut nostrum minus. Animi voluptates voluptatem eius tempore aut ea exercitationem. Sed ut rerum odio id esse quis voluptas.","304","7",
"156","2","","21","81",
"157","3","Minus et et natus distinctio accusantium sequi. Dolorem debitis necessitatibus at in qui sed in voluptatem.","451","27",
"158","1","Et voluptas rem et corrupti dolor fugit distinctio. Voluptatem ratione dolorum facere ipsam. Id eos facere nam pariatur consequatur porro. Qui quis qui minus assumenda.","215","4",
"159","3","Nisi quas consectetur iste repellat facere. Earum perspiciatis sit animi natus.","8","74",
"160","2","Aut voluptatem omnis provident reprehenderit veniam iure. Ea iure ea fugit qui magnam. Sit fugiat inventore facilis atque qui earum.","389","80",
"161","3","Perspiciatis error et quisquam distinctio accusamus ad delectus. Debitis ex sapiente aut ex itaque et ea.","468","80",
"162","2","","234","42",
"163","5","","116","16",
"164","4","","38","65",
"165","2","Possimus sit ipsum earum occaecati iusto ratione. Ut modi nesciunt nam aut rem. Ducimus et culpa quo fuga quisquam.","325","67",
"166","1","","40","37",
"167","3","","223","65",
"168","1","Voluptatem facilis sequi et sed beatae repudiandae omnis non. Et expedita consequatur nesciunt dolores ducimus. Saepe optio pariatur odio beatae.","311","62",
"169","3","Debitis quod omnis incidunt atque. Est nulla aliquam ratione corrupti.","321","48",
"170","4","","314","51",
"171","3","","280","3",
"172","5","","60","43",
"173","2","Magni non sit unde laboriosam dolore et in sed. Qui ut non consequatur libero quo eum. Pariatur eaque dolorum repudiandae et modi dolorum qui ut. Suscipit voluptatem iusto reiciendis ut.","154","8",
"174","5","Quas eos similique in velit non. Quo praesentium dolorem sit non quia distinctio. Distinctio molestiae et laudantium rerum nobis.","342","80",
"175","2","","379","12",
"176","5","","398","55",
"177","1","Omnis veniam voluptate consequuntur debitis veritatis. Alias possimus animi consectetur cum sit quam. Amet laborum non nulla eum quas nihil rem.","389","9",
"178","5","","478","45",
"179","1","Repellat alias dolorem adipisci sed. Eum praesentium a sit laborum accusamus et laboriosam. Explicabo doloremque a possimus. Possimus in tenetur praesentium amet laborum voluptates.","36","56",
"180","2","Veritatis aperiam voluptas beatae ullam ipsum. Qui tenetur fugiat tempore itaque sit minima. Illum ipsa ut aut qui.","446","43",
"181","5","","143","14",
"182","3","","66","36",
"183","2","Sequi atque non facilis reprehenderit consequatur. Rerum pariatur incidunt a modi. Unde illo culpa tempora.","295","25",
"184","2","","395","58",
"185","3","","92","83",
"186","2","Accusantium consequatur ut est illo et quia. Omnis animi est dolor nihil et. Ex ad ducimus ipsa dolor labore voluptatibus sed nihil.","401","27",
"187","2","Enim laboriosam ut laudantium recusandae excepturi. Adipisci ducimus ut voluptate dignissimos. Corrupti soluta amet molestiae quia. Porro libero ut eligendi ut dolorum voluptatum sed.","173","73",
"188","3","Nam earum modi vel quos dolorum. Doloribus aut at unde sunt quos. Consequatur et blanditiis est quis vel laborum animi mollitia. Temporibus totam quia reprehenderit labore quam vitae.","348","52",
"189","4","","112","12",
"190","2","","194","26",
"191","3","Eos ea dolores et non fugiat. Nulla consequatur expedita ipsum recusandae reiciendis. Soluta et officiis nulla ea odio voluptates ea tenetur.","426","9",
"192","2","Aut qui aperiam et optio. Iure voluptatibus sit id earum non. Quaerat reiciendis qui quidem doloremque odio. Vel cupiditate voluptate maiores aut natus magnam et.","494","55",
"193","2","Unde voluptatem tempora mollitia cumque beatae rerum ut. Totam quia odit est. Doloribus id ut et.","70","20",
"194","2","","282","80",
"195","2","","83","24",
"196","2","Atque facilis nesciunt hic et a placeat. Quas placeat sit aut quis. Voluptatem nemo adipisci numquam eveniet et labore porro.
Ut velit aut cupiditate et. Sint tempora magnam officia quia a.","452","62",
"197","4","Odit quia velit velit nesciunt. Ut ipsum aliquam eius voluptatum consequatur voluptas. A sint et temporibus magni nemo.
Totam qui pariatur ut. Atque et quas quae est.","373","47",
"198","1","Doloribus aspernatur enim perferendis quis. Autem velit autem aut alias atque voluptatem. Dicta molestiae minima repudiandae eligendi. Et iusto iure sit maiores qui voluptates molestiae facere.","433","6",
"199","2","Non sapiente adipisci adipisci debitis. Eos debitis ut aut aliquam consequatur iste est. Labore porro quo laboriosam dolorem quaerat omnis harum.","177","82",
"200","1","","497","50",
"201","4","","490","35",
"202","1","","266","81",
"203","3","Sed nobis laboriosam in sunt rerum velit doloribus. Voluptas sit non iste enim atque. Et expedita possimus labore sed maxime.","300","7",
"204","1","","122","55",
"205","3","Possimus et eum vitae neque vel id. Quis incidunt rerum optio quam quaerat earum ad vel. Laborum facere totam dignissimos qui aut.","46","27",
"206","3","Nihil officiis et voluptatum reiciendis repellat rerum qui. Est vel iusto dolor. Consequuntur velit libero quia saepe id sunt omnis. Praesentium vitae esse repellat.","178","44",
"207","5","Sunt esse sint aut et. Hic molestias porro in non non eveniet cupiditate. Et officia labore perferendis et sit fugit. Sint in aliquam dolor voluptatibus sit.","290","32",
"208","5","","152","51",
"209","5","","500","3",
"210","4","","272","36",
"211","5","Et sunt dolorem et quia impedit magni. Accusantium est corporis vero recusandae expedita enim facere rem. Enim neque enim aliquid. Velit voluptatem qui aspernatur sequi ut.","59","20",
"212","4","Quae et odio doloribus fugiat quae. Sunt incidunt ipsam consectetur nihil hic. Ex fuga est ratione sed porro qui veritatis. Incidunt inventore voluptas qui.","490","64",
"213","2","","164","61",
"214","1","","324","5",
"215","2","Commodi corrupti in qui quibusdam. Eaque quasi totam aut repellendus dolore vero. Ut et excepturi sint iusto commodi laboriosam autem. Et soluta ipsam blanditiis sequi quam porro odio cumque.","162","50",
"216","1","Corporis culpa dicta excepturi architecto. Aut ad cupiditate qui asperiores facere. Occaecati dolorum aliquam quam qui.","337","32",
"217","1","","101","55",
"218","3","","494","29",
"219","5","","76","56",
"220","2","","104","1",
"221","2","Corporis error voluptatibus et reprehenderit totam ullam eaque. Suscipit consectetur aut facere voluptates autem at quidem dicta. Totam soluta consequatur dolore sed ab modi voluptas.","361","77",
"222","1","","43","2",
"223","3","Dolore beatae dolores deserunt voluptas corrupti eveniet esse. Natus aut et rerum tempore sit dolor rem. Nihil est non qui laborum.","93","22",
"224","2","Et ipsa delectus voluptas recusandae eum reiciendis est. Enim sit deleniti sapiente porro eum asperiores. Libero a unde totam sit.","56","62",
"225","5","Aut necessitatibus autem enim odio id. Sit ratione et iusto libero aliquid voluptates. Ut nisi asperiores blanditiis eius quidem sunt et.","481","76",
"226","3","Tempora ab qui alias sed ipsum dolore. Nihil debitis reprehenderit voluptas eum ducimus amet. Ut ut aut quis laborum.","286","3",
"227","5","Pariatur incidunt sapiente eligendi eum assumenda vero. Et eveniet ratione nulla architecto eos cupiditate id. Natus totam modi odit laborum.","150","9",
"228","5","Perspiciatis nesciunt minima eligendi minus amet aperiam expedita quis. Voluptas quae occaecati incidunt quos aspernatur atque. Quasi ipsum omnis ut.","123","41",
"229","2","Dignissimos natus qui perferendis quod ut assumenda. Natus labore quia minima adipisci animi. Non et qui excepturi sed omnis mollitia dolores.","339","29",
"230","1","Eveniet et quisquam commodi vel aspernatur vel hic quam. Sit tempore eligendi sed mollitia quam voluptatem. Optio quidem veniam voluptas odit sit. Omnis culpa est harum corporis ut animi.","406","55",
"231","1","Fugit aut et quas corporis in incidunt aut. Rem alias voluptatem commodi et et. Laborum temporibus omnis quod quae expedita dolorem. Voluptatum voluptatum accusantium alias sint inventore.","142","60",
"232","4","","265","44",
"233","1","Aut omnis iure ratione et culpa sunt aspernatur. Quasi sint aut et nisi sit. Ut repellat quia molestiae commodi.","264","30",
"234","3","","26","8",
"235","5","","275","4",
"236","5","","103","66",
"237","2","Et qui qui laudantium autem. Repellendus eos ut harum suscipit ab. Fuga totam voluptate illo dolor.","454","48",
"238","1","","83","16",
"239","1","","499","33",
"240","2","Excepturi vero quas aliquam incidunt quo. Ut excepturi saepe accusantium unde iure libero quia ea. Dolorem sed neque maxime minus placeat.","302","68",
"241","4","","240","15",
"242","1","Est nulla sed quos quas quas repellat quia. Et et hic tenetur nulla. Est omnis recusandae sint delectus. Totam sint quasi recusandae est veritatis. Cum distinctio nobis eum corrupti.","438","80",
"243","3","","95","76",
"244","4","Voluptas similique accusantium dignissimos et asperiores ullam id. Et maxime provident ipsa voluptatem ipsa velit mollitia deleniti.","272","85",
"245","1","","293","3",
"246","3","Vero consequatur voluptates non numquam odio omnis. Consequatur tenetur rerum omnis voluptas nihil deserunt. Consequatur voluptas eum cupiditate nostrum sint consequuntur.","19","3",
"247","1","Et soluta sapiente voluptas. Sit expedita doloremque veniam ullam quia. Accusamus cum occaecati odit blanditiis in aliquid.","245","7",
"248","2","","127","59",
"249","3","Consequuntur recusandae beatae aut. Itaque officiis id necessitatibus neque. Voluptas omnis repellat amet minima tempore sunt illum. Tempore ut beatae eligendi sapiente cumque eius deserunt laborum.","78","46",
"250","4","","321","22",
"251","5","","383","3",
"252","2","Et ratione neque incidunt enim ipsum et possimus. Similique aliquam et dolores nobis eum rerum fugit. Asperiores ut et quia non nobis qui sed.","85","60",
"253","4","Dolores id dolor architecto est qui sint. Dolor et asperiores voluptatum. Ea qui maxime sed voluptatem soluta alias.","88","38",
"254","4","","89","10",
"255","2","Est vel quas quos impedit assumenda aut. Non quod illum veniam explicabo. Saepe et aut voluptate omnis. Reprehenderit quis totam porro cum expedita sed.","86","42",
"256","2","","138","41",
"257","5","Enim perspiciatis ut laboriosam quia quis. Doloribus laboriosam iure numquam similique ab voluptatem et. Veniam magnam occaecati libero sequi ea. Soluta laboriosam beatae eum ut perferendis et.","170","40",
"258","3","","71","47",
"259","4","Quisquam aspernatur animi atque consectetur eligendi consequatur. Dolorem amet et sint alias eum est quasi.","309","73",
"260","4","","188","66",
"261","1","Quis earum eligendi et quis doloremque est dolores. Consequuntur nobis tenetur tenetur aut ipsam sed. Laborum repellat blanditiis totam tempora consectetur.","475","20",
"262","5","Itaque dolorum illum eius qui inventore dolores fuga ut. Ut aut rerum quod amet.","239","34",
"263","2","Reprehenderit est molestias aut vitae est itaque. Mollitia qui minus quibusdam et minus.","287","10",
"264","5","Qui voluptates et iure molestias impedit dolorum. Alias nobis impedit tenetur enim nostrum ea. Non debitis aliquid est et. Soluta cupiditate hic numquam. Unde atque aut placeat est et et.","85","12",
"265","4","","93","78",
"266","5","Cupiditate atque repellat modi a. Laboriosam inventore odit vel natus porro necessitatibus excepturi reprehenderit. Dolores quo quo ut mollitia ratione. Dolor a corrupti perferendis quos esse.","99","82",
"267","5","Aliquam dolores aliquid nobis mollitia deleniti rerum. Facere autem dolor sequi recusandae incidunt omnis totam. Minima est et illo nemo et quam est nihil.","488","47",
"268","3","Eius error earum aut velit. Sint qui commodi sit est. Impedit non aliquam aliquam sed nulla velit libero.","177","36",
"269","1","Sequi tempore voluptatem quis odio maxime. Itaque ad necessitatibus id doloribus numquam aut animi voluptatibus. Voluptas dignissimos at eos sequi dolor ratione ut ut.","323","33",
"270","1","Natus debitis inventore aut eaque aliquam non ut. Architecto minima rerum in maxime. Occaecati aut aut dicta et rem dolor ex. Sunt cum voluptatem cumque deleniti quaerat veritatis ea.","108","70",
"271","1","Architecto dolor possimus aut ducimus omnis et. Nihil qui delectus eius laudantium soluta a soluta eos. Soluta rerum praesentium modi reprehenderit. Qui id qui magnam non ut.","258","80",
"272","5","","110","28",
"273","4","","433","80",
"274","1","Distinctio esse quam cum omnis. Dolores tempore sed sit. Neque eum neque veniam id natus.
Animi quia id quia ut. Corporis vero non adipisci modi reprehenderit.","67","2",
"275","5","Dolor vitae autem laboriosam quis non. Culpa cumque nobis deserunt quaerat eius amet. Enim blanditiis adipisci voluptatum voluptas. Nihil perspiciatis doloribus optio consequatur facilis.","20","70",
"276","2","Ab modi quasi quis quis sint ut quidem. Facilis magni asperiores amet placeat libero et est. Ullam nihil commodi atque esse aut commodi. Perspiciatis iure expedita repellat molestiae.","466","22",
"277","2","Voluptatibus fugit minus cum occaecati cum optio. Magnam necessitatibus quisquam asperiores porro amet enim quae sed. Voluptas qui autem aut.","495","15",
"278","1","Omnis natus alias et et odio. Et ipsum excepturi et sed ducimus mollitia eos.","168","58",
"279","4","Ratione aliquam expedita veniam distinctio quisquam qui nulla numquam. Non quia odit et asperiores. Deserunt at quos maiores quia est unde tenetur id.","204","53",
"280","1","","456","60",
"281","2","Neque et laboriosam hic assumenda magnam id. Est rerum quia itaque cupiditate id voluptatem. Voluptas magnam quia beatae quos veniam.","181","80",
"282","1","Dolorem et assumenda assumenda. Quidem minus sit cumque. Possimus dolor saepe aliquid optio qui ut at. Omnis dolorem quia laborum inventore.","499","4",
"283","4","","363","33",
"284","5","","492","32",
"285","4","Voluptatem accusamus quia sed sint excepturi ut. Harum cum eligendi voluptas molestias qui libero officiis quibusdam. Enim omnis magni est esse in.","277","31",
"286","3","Voluptatem labore at optio sit eveniet ipsam impedit. Perferendis necessitatibus quia hic eius in officiis blanditiis. Officiis ipsam omnis rerum quam qui deleniti.","175","14",
"287","1","","190","20",
"288","1","","144","15",
"289","3","Quia nihil asperiores quo amet laudantium aliquid. Molestiae consequatur recusandae quas vel incidunt pariatur ut dicta. Earum aperiam iure quia dolor ut sint ducimus delectus.","90","40",
"290","2","","236","51",
"291","3","","124","48",
"292","1","Voluptate eaque laborum et est. Corrupti dicta aut in iusto autem qui. Earum vel commodi unde eveniet illum.","59","68",
"293","1","Commodi cumque qui quia temporibus aut architecto dolorum. Odio ullam necessitatibus quia sit voluptatem reiciendis. Sint non temporibus est ut. Eaque et quia voluptatum eum id corporis.","58","39",
"294","1","Aut et alias ipsam magni sit. Numquam sed ut quis et. Sapiente qui modi voluptates alias sed aut. Qui esse et eos dolorum.","118","30",
"295","5","Velit sapiente vel aut dolorum. Aut aliquid sint quas sint. Repellat sit vero et repellendus. Quidem alias magni totam.","30","2",
"296","5","Commodi ut perferendis explicabo quo magnam. Est eveniet facilis maiores non nihil rerum qui.","291","16",
"297","5","Cum praesentium voluptate beatae earum mollitia. Et at sed quidem quis et eum.
Amet nostrum beatae ipsa sint fugiat laboriosam autem dignissimos. Sit velit tenetur impedit ut dolorum.","268","41",
"298","4","","30","34",
"299","1","","252","84",
"300","3","","138","47",
